Workbook

Sheet MAP
A1: スカイツリー | B1: 密林 | C1: 京橋 | D1: x1 | E1: 新大久保 | F1: 密林 | G1: 上野 | H1: 池袋 | I1: 密林 | J1: 密林 | K1: 密林 | L1: 密林 | M1: 水域
A2: x1 | B2: x1 | C2: x2 | D2: x1 | E2: x2 | F2: x1 | G2: 密林 | H2: x2 | I2: x1 | J2: 密林 | K2: 神田明神 | L2: x1 | M2: 水域
A3: 密林 | B3: x2 | C3: x1 | D3: 東京城 | E3: x1 | F3: 桜田筋 | G3: x1 | H3: 東京タワー | I3: 山谷 | J3: x1 | K3: 路面電車宮ノ前停留所 | L3: x1 | M3: 水域
A4: 密林 | B4: 水域 | C4: x2 | D4: 大手門 | E4: x3 | F4: 中央筋 | G4: 秋葉原 | H4: x3 | I4: x2 | J4: x6 | K4: x1 | L4: 水域 | M4: 水域
A5: 密林 | B5: x4 | C5: x2 | D5: x3 | E5: x3 | F5: 青山筋 | G5: x3 | H5: x6 | I5: x6 | J5: 水域 | K5: 平和島 | L5: x1 | M5: 水域
A6: 水域 | B6: x4 | C6: 新宿 | D6: x3 | E6: 丸の内 | F6: x3 | G6: 水道橋 | H6: 水域 | I6: リトル沖縄 | J6: 水域 | K6: x5 | L6: x6 | M6: 水域
A7: 水域 | B7: x4 | C7: x4 | D7: 東京 | E7: x3 | F7: x4 | G7: x4 | H7: x2 | I7: x2 | J7: x5 | K7: 水域 | L7: ニュートラム豊洲 | M7: 水域
A8: x4 | B8: 水域 | C8: x4 | D8: x4 | E8: 中野 | F8: x2 | G8: 水域 | H8: x6 | I8: 葛西臨海公園 | J8: 水域 | K8: x7 | L8: x5 | M8: 水域
A9: 品川 | B9: x4 | C9: 水域 | D9: 水域 | E9: 水域 | F9: x5 | G9: x6 | H9: 水域 | I9: 水域 | J9: x7 | K9: ビッグ サイト | L9: x5 | M9: 水域
A10: x4 | B10: 水域 | C10: 水域 | D10: 水域 | E10: 水域 | F10: 水域 | G10: x5 | H10: 舞浜 | I10: 水域 | J10: x7 | K10: x6 | L10: x6 | M10: 水域
A11: 水域 | B11: 水域 | C11: 水域 | D11: 水域 | E11: 水域 | F11: 水域 | G11: 水域 | H11: x7 | I11: ディスティ ニーランド | J11: 水域 | K11: シルバードーム | L11: 水域 | M11: 水域
A12: 水域 | B12: 水域 | C12: 水域 | D12: 水域 | E12: 水域 | F12: 水域 | G12: 水域 | H12: x7 | I12: 水域 | J12: 水域 | K12: 水域 | L12: 水域 | M12: 水域

Sheet MAP_ELV
A1: スカイツリー | B1: 密林 | C1: 京橋 | D1: x1 | E1: 新大久保 | F1: 密林 | G1: 上野 | H1: 池袋 | I1: 密林 | J1: 密林 | K1: 密林 | L1: 密林 | M1: 水域
A2: x1 | B2: x1 | C2: x2 | D2: x1 | E2: x2 | F2: x1 | G2: 密林 | H2: x2 | I2: x1 | J2: 密林 | K2: 神田明神 | L2: x1 | M2: 水域
A3: 密林 | B3: x2 | C3: x1 | D3: 東京城 | E3: x1 | F3: 桜田筋 | G3: x1 | H3: 東京タワー | I3: 山谷 | J3: x1 | K3: 路面電車宮ノ前停留所 | L3: x1 | M3: 水域
A4: 密林 | B4: 水域 | C4: x2 | D4: 大手門 | E4: x3 | F4: 中央筋 | G4: 秋葉原 | H4: x3 | I4: x2 | J4: x6 | K4: x1 | L4: 水域 | M4: 水域
A5: 密林 | B5: x4 | C5: x2 | D5: x3 | E5: x3 | F5: 青山筋 | G5: x3 | H5: x6 | I5: x6 | J5: 水域 | K5: 平和島 | L5: x1 | M5: 水域
A6: 水域 | B6: x4 | C6: 新宿 | D6: x3 | E6: 丸の内 | F6: x3 | G6: 水道橋 | H6: 水域 | I6: リトル沖縄 | J6: 水域 | K6: x5 | L6: x6 | M6: 水域
A7: 水域 | B7: x4 | C7: x4 | D7: 東京 | E7: x3 | F7: x4 | G7: x4 | H7: x2 | I7: x2 | J7: x5 | K7: 水域 | L7: ニュートラム豊洲 | M7: 水域
A8: x4 | B8: 水域 | C8: x4 | D8: x4 | E8: 中野 | F8: x2 | G8: 水域 | H8: x6 | I8: 葛西臨海公園 | J8: 水域 | K8: x7 | L8: x5 | M8: 水域
A9: 品川 | B9: x4 | C9: 水域 | D9: 水域 | E9: 水域 | F9: x5 | G9: x6 | H9: 水域 | I9: 水域 | J9: x7 | K9: ビッグ サイト | L9: x5 | M9: 水域
A10: x4 | B10: 水域 | C10: 水域 | D10: 水域 | E10: 水域 | F10: 水域 | G10: x5 | H10: 舞浜 | I10: 水域 | J10: x7 | K10: x6 | L10: x6 | M10: 水域
A11: 水域 | B11: 水域 | C11: 水域 | D11: 水域 | E11: 水域 | F11: 水域 | G11: 水域 | H11: x7 | I11: ディスティ ニーランド | J11: 水域 | K11: シルバードーム | L11: 水域 | M11: 水域
A12: 水域 | B12: 水域 | C12: 水域 | D12: 水域 | E12: 水域 | F12: 水域 | G12: 水域 | H12: x7 | I12: 水域 | J12: 水域 | K12: 水域 | L12: 水域 | M12: 水域

Sheet visual
A1: =MAP!A1 -> スカイツリー | C1: =MAP!B1 -> 密林 | E1: =MAP!C1 -> 京橋 | G1: =MAP!D1 -> x1 | I1: =MAP!E1 -> 新大久保 | K1: =MAP!F1 -> 密林 | M1: =MAP!G1 -> 上野 | O1: =MAP!H1 -> 池袋 | Q1: =MAP!I1 -> 密林 | S1: =MAP!J1 -> 密林 | U1: =MAP!K1 -> 密林 | W1: =MAP!L1 -> 密林 | Y1: =MAP!M1 -> 水域 | AB1: ##このページは人間が確認するための疑似ヘクスマップ
B2: =MAP!A2 -> x1 | D2: =MAP!B2 -> x1 | F2: =MAP!C2 -> x2 | H2: =MAP!D2 -> x1 | J2: =MAP!E2 -> x2 | L2: =MAP!F2 -> x1 | N2: =MAP!G2 -> 密林 | P2: =MAP!H2 -> x2 | R2: =MAP!I2 -> x1 | T2: =MAP!J2 -> 密林 | V2: =MAP!K2 -> 神田明神 | X2: =MAP!L2 -> x1 | Z2: =MAP!M2 -> 水域
A3: =MAP!A3 -> 密林 | C3: =MAP!B3 -> x2 | E3: =MAP!C3 -> x1 | G3: =MAP!D3 -> 東京城 | I3: =MAP!E3 -> x1 | K3: =MAP!F3 -> 桜田筋 | M3: =MAP!G3 -> x1 | O3: =MAP!H3 -> 東京タワー | Q3: =MAP!I3 -> 山谷 | S3: =MAP!J3 -> x1 | U3: =MAP!K3 -> 路面電車宮ノ前停留所 | W3: =MAP!L3 -> x1 | Y3: =MAP!M3 -> 水域 | AD3: アドベンチャーパートのヘクスマップ上を歩くデモを作るか。 マップデータは "C:\Users\user\.antigravity\game\files\MAP\MAP001.xlsx" のひとつめのタブにある。 これの偶数行めを半マスずらして配置するヘクス上のマップになる。模式図でこんな感じになる。(添付画像) マップの中心にキャラクタ(紫苑)もミニキャラがいて、画面横向きには５へクス程度の範囲が表示される。 ヘクスをタップするとキャラクターがジャンプして移動する。
B4: =MAP!A4 -> 密林 | D4: =MAP!B4 -> 水域 | F4: =MAP!C4 -> x2 | H4: =MAP!D4 -> 大手門 | J4: =MAP!E4 -> x3 | L4: =MAP!F4 -> 中央筋 | N4: =MAP!G4 -> 秋葉原 | P4: =MAP!H4 -> x3 | R4: =MAP!I4 -> x2 | T4: =MAP!J4 -> x6 | V4: =MAP!K4 -> x1 | X4: =MAP!L4 -> 水域 | Z4: =MAP!M4 -> 水域 | AD4: マップには一旦水域を水色、密林は緑色で塗っておいてもらおうか、落ち着いたら画像ファイルを表示するようにするので対応できるようにしておいて。 マップの各ヘクスには、１踏破したかどうか ２潜んでいる敵のレベル ３潜んでいる魔女のレベル というデータがあります。平行して作っておいてください。いまのところは全て０ (未踏破、敵いない、魔女いない）で埋めておいて。 タイトルから一歩入ったあとに表示されるメニューにマップデモ として入口を作って。
A5: =MAP!A5 -> 密林 | C5: =MAP!B5 -> x4 | E5: =MAP!C5 -> x2 | G5: =MAP!D5 -> x3 | I5: =MAP!E5 -> x3 | K5: =MAP!F5 -> 青山筋 | M5: =MAP!G5 -> x3 | O5: =MAP!H5 -> x6 | Q5: =MAP!I5 -> x6 | S5: =MAP!J5 -> 水域 | U5: =MAP!K5 -> 平和島 | W5: =MAP!L5 -> x1 | Y5: =MAP!M5 -> 水域 | AD5: fieldフォルダにm(a,1)r.jpg のような画像がある。a,1はエクセル上の座標(0始まりではない) a,1のヘクスの背景にその画像を使う。
B6: =MAP!A6 -> 水域 | D6: =MAP!B6 -> x4 | F6: =MAP!C6 -> 新宿 | H6: =MAP!D6 -> x3 | J6: =MAP!E6 -> 丸の内 | L6: =MAP!F6 -> x3 | N6: =MAP!G6 -> 水道橋 | P6: =MAP!H6 -> 水域 | R6: =MAP!I6 -> リトル沖縄 | T6: =MAP!J6 -> 水域 | V6: =MAP!K6 -> x5 | X6: =MAP!L6 -> x6 | Z6: =MAP!M6 -> 水域 | AD6: x1 などは汎用背景。m(x1).jpgを使用してください。密林はwoods 海はゲーム内時間が午前、午後の時はsea _day、夜の間はsea_nightを使用してください。未踏破m(unexplored).jpg
A7: =MAP!A7 -> 水域 | C7: =MAP!B7 -> x4 | E7: =MAP!C7 -> x4 | G7: =MAP!D7 -> 東京 | I7: =MAP!E7 -> x3 | K7: =MAP!F7 -> x4 | M7: =MAP!G7 -> x4 | O7: =MAP!H7 -> x2 | Q7: =MAP!I7 -> x2 | S7: =MAP!J7 -> x5 | U7: =MAP!K7 -> 水域 | W7: =MAP!L7 -> ニュートラム豊洲 | Y7: =MAP!M7 -> 水域 | AD7: 横9ヘクスまで見える広域マップボタンも搭載
B8: =MAP!A8 -> x4 | D8: =MAP!B8 -> 水域 | F8: =MAP!C8 -> x4 | H8: =MAP!D8 -> x4 | J8: =MAP!E8 -> 中野 | L8: =MAP!F8 -> x2 | N8: =MAP!G8 -> 水域 | P8: =MAP!H8 -> x6 | R8: =MAP!I8 -> 葛西臨海公園 | T8: =MAP!J8 -> 水域 | V8: =MAP!K8 -> x7 | X8: =MAP!L8 -> x5 | Z8: =MAP!M8 -> 水域 | AD8: 移動のルール
A9: =MAP!A9 -> 品川 | C9: =MAP!B9 -> x4 | E9: =MAP!C9 -> 水域 | G9: =MAP!D9 -> 水域 | I9: =MAP!E9 -> 水域 | K9: =MAP!F9 -> x5 | M9: =MAP!G9 -> x6 | O9: =MAP!H9 -> 水域 | Q9: =MAP!I9 -> 水域 | S9: =MAP!J9 -> x7 | U9: =MAP!K9 -> ビッグ サイト | W9: =MAP!L9 -> x5 | Y9: =MAP!M9 -> 水域 | AD9: 踏破済のエリアか、隣接したことのある水域、密林エリアの画像が表示される。
B10: =MAP!A10 -> x4 | D10: =MAP!B10 -> 水域 | F10: =MAP!C10 -> 水域 | H10: =MAP!D10 -> 水域 | J10: =MAP!E10 -> 水域 | L10: =MAP!F10 -> 水域 | N10: =MAP!G10 -> x5 | P10: =MAP!H10 -> 舞浜 | R10: =MAP!I10 -> 水域 | T10: =MAP!J10 -> x7 | V10: =MAP!K10 -> x6 | X10: =MAP!L10 -> x6 | Z10: =MAP!M10 -> 水域 | AD10: 隣接した未踏破のエリアはm(adjacent).jpgが表示される
A11: =MAP!A11 -> 水域 | C11: =MAP!B11 -> 水域 | E11: =MAP!C11 -> 水域 | G11: =MAP!D11 -> 水域 | I11: =MAP!E11 -> 水域 | K11: =MAP!F11 -> 水域 | M11: =MAP!G11 -> 水域 | O11: =MAP!H11 -> x7 | Q11: =MAP!I11 -> ディスティ ニーランド | S11: =MAP!J11 -> 水域 | U11: =MAP!K11 -> シルバードーム | W11: =MAP!L11 -> 水域 | Y11: =MAP!M11 -> 水域 | AD11: 隣接していない未踏破のヘクスはm(unexplored).jpgが表示される。
B12: =MAP!A12 -> 水域 | D12: =MAP!B12 -> 水域 | F12: =MAP!C12 -> 水域 | H12: =MAP!D12 -> 水域 | J12: =MAP!E12 -> 水域 | L12: =MAP!F12 -> 水域 | N12: =MAP!G12 -> 水域 | P12: =MAP!H12 -> x7 | R12: =MAP!I12 -> 水域 | T12: =MAP!J12 -> 水域 | V12: =MAP!K12 -> 水域 | X12: =MAP!L12 -> 水域 | Z12: =MAP!M12 -> 水域 | AD12: そのヘクスにいる敵の属性によってmap_eff1.jpg~map_eff5.jpg の敵に気配が見える。
AD13: map_effは背景画像の上に不透明度0～50%でゆらめいている。
